"DB_VERSION_A","3.30.0","DBのバージョン","Version of DB","0",
"AP_VERSION_A","3.30.0","APのバージョン","Version of AP","0",
"MAX_DISPLAY_PS_LEVEL","50","ストラクチャー表示、製品構成メンテナンス製品構成台帳出力時の最大レベル","The maximum level of structure displaying or product structure maintenance of product configuration register outputing","0",
"DISABLE_BUSINESS_G_COUNT","1","利用者メンテナンスの所属グループ表示で表示させない業務グループコードの数","Number of business group code which you do not want to see your group display of user maintenance","0",
"DISABLE_BUSINESS_G_1","__BATCH","利用者メンテナンスの所属グループ表示で表示させない業務グループコード","Business group code which you do not want to see your group display of user maintenance","0",
"MAX_DISPLAY_MONTH_MRP","3","生産計画メンテナンス(MRP)における 最大表示期間(月)","Maximum display period(months) in product planning maintenance (MRP)","0",
"MAX_DISPLAY_MONTH_SERIAL","3","生産計画メンテナンス(製番)における 最大表示期間(月)","Maximum display period(months) in product planning maintenance (PN)","0",
"JOB_ODR_EXPECT_DELETE","削除","生産計画メンテナンス(製番)における製番予定状態 削除予定の状態を表す文字列","Characters string which used in the product no of scheduled state or deleted scheduled state in product planning maintenance (PN)","0",
"JOB_ODR_EXPECT_RECALC","再計算","生産計画メンテナンス(製番)における製番予定状態 基準情報を元に再計算予定の状態を表す文字列","Characters string which used in recalculation scheduled state based on basic information or the product no of scheduled state in product planning maintenance (PN)","0",
"MAX_DISPLAY_MONTH_STOCK","3","有効在庫参照における 最大表示期間(月)","The maximum display period (months) of the effective stock reference ","0",
"FREQUENT_BUSINESS_COUNT","1","プログラム内で使用する固定的なシステムパラメータ","Fixed system parameters used in the program","0",
"FREQUENT_BUSINESS_1","AC0010010","プログラム内で使用する固定的なシステムパラメータ","Fixed system parameters used in the program","0",
"BUSINESS_MSG_DETAIL_HEAD","40","業務メッセージのメイン画面で表示する詳細情報の前方文字数","The head numbers of detailed information to be displayed in the main screen of the business message","0",
"DISPLAY_DATE_FORMAT","yyyy/mm/dd","一般検索のGUI設定クエリにおけるDate型項目の結果表示時フォーマット","The format of the results when displaying the Date type item in GUI configuration of general search query","0",
"INV_FLG_1","定期棚卸","棚卸業務における棚卸状態情報の表示用","Display for inventory status information in the inventory business","0",
"INV_FLG_2","循環棚卸","棚卸業務における棚卸状態情報の表示用","Display for inventory status information in the inventory business","0",
"INV_FLG_3","臨時棚卸","棚卸業務における棚卸状態情報の表示用","Display for inventory status information in the inventory business","0",
"INV_FLG_COUNT","3","棚卸業務における棚卸状態情報の表示用","Display for inventory status information in the inventory business","0",
"INV_STS_TYP_1","棚卸実施前","棚卸業務における棚卸状態情報の表示用","Display for inventory status information in the inventory business","0",
"INV_STS_TYP_2","棚卸期間中","棚卸業務における棚卸状態情報の表示用","Display for inventory status information in the inventory business","0",
"INV_STS_TYP_3","棚卸更新済","棚卸業務における棚卸状態情報の表示用","Display for inventory status information in the inventory business","0",
"INV_STS_TYP_COUNT","3","棚卸業務における棚卸状態情報の表示用","Display for inventory status information in the inventory business","0",
"EXTERN_EXPECT_ALL_MRP","展開","外部オーダデマンドメンテナンス 総所要量展開による展開予定をあらわす文字列","External order demand maintenance The displaying characters string of scheduled expansion according to the gross-requirements expansion ","0",
"EXTERN_EXPECT_DELETE","削除","外部オーダデマンドメンテナンス 総所要量展開による削除予定をあらわす文字列","External order demand maintenance The displaying characters string of scheduled expansion according to the gross-requirements expansion ","0",
"EXTERN_ROUND_FLAG","true","総所要量展開 まるめする/しない を選択するフラグ","The gross-requirements expansion The flag which select round/not round","0",
"MAX_DISPLAY_MONTH_EXTERN","1","DUMMY","DUMMY","0",
"INIT_DISPLAY_PS_LEVEL","15","ストラクチャー表示、製番別進捗、製品構成台帳出力時の初期表示レベル既定値","The default value of initial displaying when structure displayed, production number progress,or product structure register outputed","0",
"KP_ADD_MONTH","3","販売所要計画における”未来取込月数”","The ""future taking months"" in sales requirement plan","0",
"KP_SUB_MONTH","1","販売所要計画における”過去取込月数”","The ""past taking months"" in sales requirement plan","0",
"SEL_IF_BAT","1","販売所要計画Ｉ／Ｆ 1:出荷計画IＦを利用する2:受注情報IFを利用する","Sales requirement plan I/F 1:Use the ship plan IF 2:Use the order information IF","0",
"OLD_VER","2","実際原価管理機能におけるバージョン確認　1:V210以前　2:V220以降","The version confirmation according to actual cost management function 1: before V210 2: after V220","0",
"INIT_DISPLAY_OD_LEVEL","15","ストラクチャー表示、所要量メンテナンス（製番）時の初期表示レベル既定値","The default value of initial displaying when structure displayed, or MRP maintenance(PN)","0",
"MAX_DISPLAY_OD_LEVEL","50","ストラクチャー表示、所要量メンテナンス（製番）時の最大レベル","The maximum level of initial displaying when structure displayed, or MRP maintenance(PN)","0",
"ITEM_CANCEL","D:/bea/user_projects/domains/mydomain/EXPJ/csv","品目データ取込処理、取消用ファイル出力先フォルダ名","The folder name of item data taking process, file output destination used for cancellation","0",
"PS_CANCEL","D:/bea/user_projects/domains/mydomain/EXPJ/csv","製品構成データ取込処理、取消用ファイル出力先フォルダ名","The folder name of product structure data taking process, file output destination used for cancellation","0",
"JOB_ODR_DEL_FLG","1","生産計画メンテナンス（製番）の製番削除不可フラグ　1:ON(削除不可) 1以外:OFF(削除可)","The flag that production number cannot be deleted of product planning maintenance (PN) 1: ON (cannot be deleted)  Other than 1: OFF (can be deleted)","0",
"PAST_RESULT_ENTRY_TYP","true","実際原価の締めが完了している月の実績の登録／修正を可能とするか否かの区分。(SCM版は実際原価システムと連携しないためtrue固定)","The type of whether it can register/ modify the actual of actually completed month of actual cost(Ver.SCM:fix with ""true"")","0",
"PUCH_ODR_COMMENT1","注文書備考１","明細型注文書『注文書備考１』の出力内容を設定する","Set the output content of detail type order [Order remarks 1]","0",
"PUCH_ODR_COMMENT2","注文書備考２","明細型注文書『注文書備考２』の出力内容を設定する","Set the output content of detail type order [Order remarks 2]","0",
"PUCH_ODR_COMMENT3","注文書備考３","明細型注文書『注文書備考３』の出力内容を設定する","Set the output content of detail type order [Order remarks 3]","0",
"PUCH_ODR_COMMENT4","注文書備考４","明細型注文書『注文書備考４』の出力内容を設定する","Set the output content of detail type order [Order remarks 4]","0",
"CREDIT_LIMIT","50","得意先メンテナンスで、与信限度警告率に表示する初期値を設定する","Set the initial displaying value of the credit limit warning rate in the customer maintenance","0",
"BEST_BEFORE_DATA_PARA","30","品質期限/賞味期限警告日数","Expiration date/the warning dates of expiration date","0",
"BEST_BEFORE_DATE_CHECK_FLG","1","品質期限/賞味期限チェックフラグ　1:エラー2:警告","The flag for expiration date/expiration date check 1: Error 2: Warning","0",
"TIME_CTRL","false","時間管理するしない","Time management whether or not","0",
"ASP_INTERVAL","60","スケジューラ起動プログラムが所要量計算制御テーブルをチェックする間隔（秒）","The interval(second) of checking Material Requirements Planning control table in scheduler startup program","0",
"ASP_MRP_TYP_1","4","品目手配区分が""製番""の際にAsprovaに設定される自動補充フラグの種類","Type of automatic replenishment flag which is setted in Asprova when the item arrangements type is ""PN""","0",
"ASP_MRP_TYP_4","0","品目手配区分が""マニュアル手配品目""の際にAsprovaに設定される自動補充フラグの種類","Type of automatic replenishment flag which is setted in Asprova when the item arrangements type is ""Manual arrange item""","0",
"ASP_MRP_TYP_5","1","品目手配区分が""ロット手配品""の際にAsprovaに設定される自動補充フラグの種類","Type of automatic replenishment flag which is setted in Asprova when the item arrangements type is ""Lot arrange item""","0",
"ASP_MRP_TYP_6","1","品目手配区分が""定量手配品目""の際にAsprovaに設定される自動補充フラグの種類","Type of automatic replenishment flag which is setted in Asprova when the item arrangements type is  ""Quantitative arrange item""","0",
"ASP_MRP_TYP_7","0","品目手配区分が""発注点手配品目""の際にAsprovaに設定される自動補充フラグの種類","Type of automatic replenishment flag which is setted in Asprova when the item arrangements type is ""Ordering point arrange item""","0",
"ASP_MRP_TYP_8","2","品目手配区分が""擬似品目""の際にAsprovaに設定される自動補充フラグの種類","Type of automatic replenishment flag which is setted in Asprova when the item arrangements type is ""Likely item""","0",
"ASP_MRP_PEG_CD_1","ME.Order.Spec1==OTHER.Order.Spec1","品目手配区分が""製番""の際にAsprovaに設定される紐付き条件式","Attached conditional expression which is setted in Asprova when the item arrangements type is ""PN""","0",
"ASP_MRP_PEG_CD_4","ME.Order.LET<=OTHER.Order.LET||!FValid(ME.Order.LET)","品目手配区分が""マニュアル手配品目""の際にAsprovaに設定される紐付き条件式","Attached conditional expression which is setted in Asprova when the item arrangements type is ""Manual arrange item""","0",
"ASP_MRP_PEG_CD_5","ME.Order.LET<=OTHER.Order.LET||!FValid(ME.Order.LET)","品目手配区分が""ロット手配品""の際にAsprovaに設定される紐付き条件式","Attached conditional expression which is setted in Asprova when the item arrangements type is ""Lot arrange item""","0",
"ASP_MRP_PEG_CD_6","ME.Order.LET<=OTHER.Order.LET||!FValid(ME.Order.LET)","品目手配区分が""定量手配品目""の際にAsprovaに設定される紐付き条件式","Attached conditional expression which is setted in Asprova when the item arrangements type is ""Quantitative arrange item""","0",
"ASP_MRP_PEG_CD_7","Null","品目手配区分が""発注点手配品目""の際にAsprovaに設定される紐付き条件式","Attached conditional expression which is setted in Asprova when the item arrangements type is ""Ordering point arrange item""","0",
"ASP_MRP_PEG_CD_8","ME.Order.Spec1==OTHER.Order.Spec1","品目手配区分が""擬似品目""の際にAsprovaに設定される紐付き条件式","Attached conditional expression which is setted in Asprova when the item arrangements type is ""Likely item""","0",
"ASP_MODULE_CD","MRP","Asprovaのモジュールをあらわす文字列","Characters string for displaying the module of Asprova","0",
"ASP_SETUP_FLAG","0","Asprovaの外段取りを 用いる/用いない を選択するフラグ","Flag for select (used/not used) in getting outside of Asprova","0",
"ASP_VALID_CD_1","If(Fvalid(ME.LET),ME.LET,Now())>=#","Asprovaの製品構成の有効条件を表す文字列1","Characters string1 for displaying the effective condition for the product structure of Asprova","0",
"ASP_VALID_CD_2"," 00:00:00#&&If(Fvalid(ME.LET),ME.LET,Now())<=#","Asprovaの製品構成の有効条件を表す文字列2","Characters string2 for displaying the effective condition for the product structure of Asprova","0",
"ASP_VALID_CD_3"," 23:59:59#","Asprovaの製品構成の有効条件を表す文字列3","Characters string3 for displaying the effective condition for the product structure of Asprova","0",
"ASP_TIME_CONV","8","Asprovaの時間単位のリードタイムをExplannerJ用のリードタイムに換算する数値","The numeric value that is converted from the lead time for time unit of Asprova to the lead time for ExplannerJ","0",
"PROC_GRP_LT_UNIT","1","作業系列メンテナンスで入力されるリードタイムの単位（1:日、2:時間、3:分）","Unit of lead time that is setted in the work series maintenance (1:Days, 2:Hours, 3:Minutes)","0",
"AM_START_TIME","00:00","午前の就業開始時刻（作業系列展開処理で使用）","Work start time in the morning(Used in WS development process)","0",
"AM_END_TIME","12:00","午前の就業終了時刻（作業系列展開処理で使用）","Work end time in the morning(Used in WS development process)","0",
"PM_START_TIME","12:00","午後の就業開始時刻（作業系列展開処理で使用）","Work start time in the afternoon(Used in WS development process) ","0",
"PM_END_TIME","24:00","午後の就業終了時刻（作業系列展開処理で使用）","Work end time in the afternoon(Used in WS development process) ","0",
"PS_EFF_PHASE_IN_DATE","Null","製品構成(ツリー)メンテナンスの有効開始日の初期値を設定する。Null、yyyy/mm/dd、*","Set the initial value of the effective start date of product structure (tree) maintenance.Null, yyyy / mm / dd, *","0",
"PS_EFF_PHASE_OUT_DATE","Null","製品構成(ツリー)メンテナンスの有効終了日の初期値を設定する。Null、yyyy/mm/dd、*","Set the initial value of the effective end date of product structure (tree) maintenance.Null, yyyy / mm / dd, *","0",
"UC_EFF_PHASE_IN_DATE","Null","単価メンテナンスの有効開始日の初期値を設定する。Null、yyyy/mm/dd、*（業務運用日）","Set the initial value of the effective start date of the unit cost maintenance.Null, yyyy / mm / dd, * (day business operations)","0",
"SALES_DELETE_CSV_PATH","D:/bea/user_projects/domains/mydomain/EXPJ/csv","販売トランザクションデータ削除処理、CSVファイル出力パス","Sale transaction data deletion process, CSV file output path","0",
"RECEIPT_SCHEDULES_TERM","1","製品構成別発注残参照(ツリー):入庫予定判定期間。(1:月、2:日)","Stock on order Ref. by product structure(tree): The judgment period of receipt scheduled. (1:months, 2:days)","0",
"RECEIPT_SCHEDULES_NUMBER","1","製品構成別発注残参照(ツリー):入庫予定判定月数/日数","Stock on order Ref. by product structure(tree):The judgment months or days of receipt scheduled. ","0",
"JOB_ODR_EXPECT_OBJECT","対象","製番計画一覧における 計算対象の表示用","Used for displaying calculated objects in the product number plan list","0",
"PRD_REQ_JOB_ODR_TYP_1","0","[受注時製番登録]  0;できない  1;初期設定としては行わない（チェックOFF）　2;行う（ON）","[product no registration of ordering time] 0:Impossible 1: is not performed as an initial setting (check OFF) 2: Enabled (ON)","0",
"PRD_REQ_JOB_ODR_TYP_2","0","[受注登録時の製番採番方法]    0；自動採番（単純昇順）、1;自動（接頭文字＋受注番号）、2;自動採番しない","[The numbering method of product number when order registration] 0: Auto-numbering (simple ascending order) 1: Automatic (prefix + order number)  2:Do not auto-numbering","0",
"M_UNIT_COST_APPR","0","製品単価承認　0：行わない　1：行う　（Ver2.5.0～1のみ）","Product unit cost approval 0: Disabled 1:Enabled (Only Ver2.5.0 ~ 1)","0",
"M_PUCH_UNIT_COST_APPR","0","購入単価承認  0：行わない　1：行う　（Ver2.5.0～1のみ）","Purch unit cost approval 0: Disabled 1:Enabled (Only Ver2.5.0 ~ 1)","0",
"M_CONS_UNIT_COST_APPR","0","支給単価承認　0：行わない　1：行う　　　（Ver2.5.0～1のみ）","Supply unit cost approval 0: Disabled 1:Enabled (Only Ver2.5.0 ~ 1)","0",
"M_SBCNT_UNIT_COST_APPR","0","外注単価承認  0：行わない　1：行う　　　（Ver2.5.0～1のみ）","Unit cost of sub order approval 0: Disabled 1:Enabled (Only Ver2.5.0 ~ 1)","0",
"M_SALES_UNIT_COST_APPR","0","販売単価承認  0：行わない　1：行う　　　（Ver2.5.0～1のみ）","Sale unit cost approval 0: Disabled 1:Enabled (Only Ver2.5.0 ~ 1)","0",
"MP_SALES_UNCNFM_ODR_DEL","3","トランザクション保存月数（内示受注）","Transaction saved months (Unofficial notification order)","0",
"MP_SALES_ODR_DEL","3","トランザクション保存月数（確定受注・デポ計画～出荷実績・仮売上）","Transaction saved months (Confirmed order/depo plan~shipping actual/temp sales )","0",
"MP_SALES_SALES_RSLT_DEL","3","トランザクション保存月数（売上実績）","Transaction saved months (Sales actual)","0",
"MP_SALES_UNCNFM_ODR_IF_DEL","2","トランザクション保存月数（内示受注IF）","Transaction saved months (Unofficial notification order IF)","0",
"MP_SALES_ODR_IF_DEL","2","トランザクション保存月数（確定受注IF）","Transaction saved months (Confirmed order IF)","0",
"MP_SALES_SHIP_INSPC_IF_DEL","2","トランザクション保存月数（出荷実績IF/検収実績IF）","Transaction saved months (Shipping actual IF/Receipt check results IF)","0",
"MP_SALES_ETC_TRN_DEL","1","トランザクション保存月数（その他）","Transaction saved months (Others)","0",
"MP_SALES_DELETE_CSV_PATH","D:/EXPJStudio/log","削除対象ＣＳＶ出力パス","CSV output path of deleted objects ","0",
"AUTOISSUE_BEST_BEFORE","1","自動出庫優先パラメータ","Auto issue priority parameter","0",
"LOT_CTRL_FLAG","0","0：ロット管理を行わない　1：ロット管理を行う","0:Lot mangement disabled 1:Lot mangement enabled","0",
"SHIP_SLIP_PART_NAME","1","0：表示しない　1：品目名　2：得意先品目名","0:Not display 1:Item name 2:Cust item name","0",
"STOCKSTS_CTRL_FLAG","0","0：在庫状態管理を行わない　1：在庫状態管理を行う(Jfでのみ使用１：在庫状態管理を行う固定）","0: Inventory status management disabled 1: Inventory status management enabled (used only in Jf 1 : Fixed to the inventory status management)","0",
"AUTOISSUE_SWITCH","1","自動出庫優先パラメータ","Auto issue priority parameter","0",
"PSW_RULE","0","パスワード規則 0:なし 1:英字数字含む","Password rules 0:None 1:Including alphabet and number","0",
"PSW_EFFECT_MONTHS","0","パスワード期限（月数） 0：期限なし （有効期限計算は業務運用日を利用する）","Password expiration (months) 0:None (effective expiration calculation by the business operations day)","0",
"PSW_MIN_LENGTH","6","パスワード最小文字数","Password minimum","0",
"APR_USER_MST","0","利用者承認  0：行わない　1：行う","User approval 0: Disabled 1:Enabled ","0",
"APR_UNIT_COST","0","製品単価承認　0：行わない　1：行う","Product unit cost approval 0: Disabled 1:Enabled","0",
"APR_PUCH_UNIT_COST","0","購入単価承認  0：行わない　1：行う","Purchase unit cost approval 0: Disabled 1:Enabled","0",
"APR_CONS_UNIT_COST","0","支給単価承認　0：行わない　1：行う","Unit cost of supply approval 0: Disabled 1:Enabled","0",
"APR_SBCNT_UNIT_COST","0","外注単価承認  0：行わない　1：行う","Unit cost of sub order approval 0: Disabled 1:Enabled","0",
"APR_VEND_CTRL","0","取引先承認  0：行わない　1：行う","Vendor approval 0: Disabled 1:Enabled","0",
"APR_CUST_STL_CTRL","0","請求条件承認  0：行わない　1：行う","Claim condition approvel 0: Disabled 1:Enabled","0",
"APR_CUST_STL_CTRL_BAT","0","請求条件一括承認  0：行わない　1：行う","Batch approval of claim condition 0: Disabled 1:Enabled","0",
"REQUEST_APPR_SAME","0","依頼者承認者同一 0：禁止　1：許可","Request and approval are the same 0: Disabled 1:Enabled","0",
"APR_BANK_ACCT","0","銀行口座承認 0：行わない　1：行う","Bank account approval 0: Disabled 1:Enabled","0",
"APR_ARAP_CUST","0","得意先（売掛）承認 0：行わない　1：行う","Cust (AR) approval 0: Disabled 1:Enabled","0",
"APR_AUTO_JNL","0","買掛仕訳パターン承認 0：行わない　1：行う","AP journalizing pattern approval 0: Disabled 1:Enabled","0",
"APR_COMPANY","0","会社承認 0：行わない　1：行う","Company approval 0: Disabled 1:Enabled","0",
"APR_EXCH_RATE","0","為替レート承認 0：行わない　1：行う","Exchange rate approval 0: Disabled 1:Enabled","0",
"APR_USER_COMPANY","0","利用者所属会社承認 0：行わない　1：行う","User affiliated company approval 0: Disabled 1:Enabled","0",
"APR_USER_CTRL","0","利用者権限承認 0：行わない　1：行う","User authority approval 0: Disabled 1:Enabled","0",
"APR_CUST","0","得意先承認 0：行わない　1：行う","Cust approval 0: Disabled 1:Enabled","0",
"APR_CUST_DESINATED_DLV_LOC","0","得意先納品場所承認 0：行わない　1：行う","Cust delivery place approval 0: Disabled 1:Enabled","0",
"APR_BANK","0","銀行承認 0：行わない　1：行う","Bank approval 0: Disabled 1:Enabled","0",
"APR_REVAL_EXCH_RATE","0","再評価為替レート承認 0：行わない　1：行う","Revaluation exchange rate approval 0: Disabled 1:Enabled","0",
"APR_ACCT","0","科目承認 0：行わない　1：行う","Subject approval 0: Disabled 1:Enabled","0",
"APR_PAY_PATTERN","0","支払パターン承認 0：行わない　1：行う","Payment pattern approval 0: Disabled 1:Enabled","0",
"APR_PAY_METHOD","0","支払方法承認 0：行わない　1：行う","Payment method approval 0: Disabled 1:Enabled","0",
"APR_BANK_FEE","0","銀行手数料承認 0：行わない　1：行う","Bank commission approval 0: Disabled 1:Enabled","0",
"APR_ARAP_VEND_CTRL","0","取引先（買掛）承認  0：行わない　1：行う","Vendor (AP) approval 0: Disabled 1:Enabled","0",
"APR_ARAP_VEND_PAY_CTRL","0","取引先支払条件 0：行わない　1：行う","Vendor payment condition approval 0: Disabled 1:Enabled","0",
"APR_INV_CTRL","0","棚卸承認 0：行わない　1：行う","Inventory approval 0: Disabled 1:Enabled","0",
"APR_INSPC_IF","0","検収承認 0：行わない　1：行う","Receiving check approval 0: Disabled 1:Enabled","0",
"APR_PUR_INST","0","発注指示権限 0：一般ユーザ　1：承認者","Order instruction authority 0: General user 1:Approver","0",
"APR_SALES","0","売上実績承認 0：行わない　1：行う","Sales actual approval 0: Disabled 1:Enabled","0",
"APR_ODR","0","受注承認　 0：行わない　1：行う","Approval for order 0: Disabled 1:Enabled","0",
"HISTORY_BY_TRIGGER_PERIOD","6","自動履歴保持期間(月)","Automatic history maintenance period(months)","0",
"TIMELY_STOCK_CTRL_FLAG","1","0:断面在庫処理しない　1:断面在庫処理する","0:The cross-section stock process is enabled 1: The cross-section stock process is disabled","0",
"APR_DLV_LOC","0","（Ja）納品場所承認 0：行わない　1：行う","(Ja)Delivered place approval 0: Disabled 1:Enabled","0",
"APR_CUST_DESINATED_DLV","0","（Ja）得意先指定納品場所承認0:行わない　1:行う","(Ja)Cust specified delivery place approval 0: Disabled 1:Enabled","0",
"APR_MPSA_CUST","0","（Ja）得意先承認 0:行わない　1:行う","(Ja)Cust approval 0: Disabled 1:Enabled","0",
"APR_SALES_UNIT_COST","0","（Ja）販売単価承認 0：行わない　1：行う","(Ja)Sale unit cost approval 0: Disabled 1:Enabled","0",
"APR_JA_UNCNFM_ODR","0","（Ja）内示受注承認 0：行わない　1：行う","(Ja)unofficial notification order approval 0: Disabled 1:Enabled","0",
"APR_JA_ODR","0","（Ja）確定受注承認 0：行わない　1：行う","(Ja)Confirmed order approval 0: Disabled 1:Enabled","0",
"APR_SALES_APPER","0","（Ja）売上計上承認者限定 0：限定しない　1：限定する","(Ja)Limitation of the sales appropriation approver. 0:Not limit 1: Limit","0",
"HISTORY_FOR_APPR","0","マスタ承認履歴 0：残さない　1：残す","Master approval history 0:Not leave 1: Leave","0",
"PROC_PRD_WORK","タミ","前工程生産品","Previous process production","0",
"A_BATCH_PROC_RULL","1","工程バッチ計算ルール(1：最大優先　２：基準優先　３：総合)","Process batch calculation rules(1: Maximum priority 2:Standard priority 3: General)","0",
"APR_ITEM","0","品目承認 0：行わない　1：行う","Item approval 0: Disabled 1:Enabled","0",
"STOCK_STATUS","良品","（Jf）仕入直送実績入力にて、在庫状態情報取得処理の入力引数として使用","(Jf)At the stocking direct delivery results input, used as an input parameter of inventory status information acquisiting process","0",
"CSV_READ_SIZE","1","CSVファイルのサイズ(M)","Size of the CSV file (M)","0",
"IDENT_CARD","0","現品票出力区分 0:事前　1:事後","The type of article sheet output 0: Before the event 1: After the event","0",
"PRODUCT_TYP","1","現品票出力対象製品区分　1,2：品目マスタ 製品区分＝ 1または2が対象","The production type of article sheet output objects 1, 2: item master production type = 1 or 2","0",
"UNIT_COST_TYP_FLG","1","仮単価送信フラグ 0:仮単価データを送信しない　1:仮単価データを送信する","Temporary unit price send flag 0:Do not send temporary unit price data 1:Send temporary unit price data","0",
"INSPC_CMPLT_FLG","1","受入実績登録時、検査あり品目の受入数量0で検査完了とするフラグ。(0:検査完了とはしない 1:検査完了とする)","Flag for inspection completed by acceptance quantity of inspection item is 0 when accpt actual registers. there is inspection.(0: Inspection is not completed 1: Inspection is completed)","0",
"APR_CUST_COMB","1","得意先組合承認  0：行わない　1：行う","Customer union approval  0: Disabled 1: Enabled","0",
"SHIPMENT_SLIP","true","受注入力画面での出荷伝票発行制御(false:発行しない true:発行する)","Ship slip issue control in order input screen(false:Not issue true:Issue)","0",
"JF_PATTERN_PS_FLG","0","パターン別構成使用フラグ 0:使用しない 1:使用する","Structure using flag by pattern 0: Not used 1:Used","0",
"SELECT_TIME_CTRL","true","時間管理(一般検索用) true:行う　false:行わない","Time management (used for general search) true:implement  false:not implement","0",
"M_SALES_DELETE_CSV_PATH","D:/EXPJStudio/log","削除対象ＣＳＶ出力パス","CSV output path of deleted objects ","0",
"SPOIL_FLG","1","構成仕損率使用フラグ（出庫指示） 0:使用しない 1:使用する。(SCM版はWitleafで仕損率を計算するため、EXPLANNER/J側の本パラメタは0として下さい。)","Used flag of structure loss rate(issue instruction) 0:Not used 1:Used.(Ver.SCM's loss rate is calculated by Witleaf,please set the the parameter with 0.)","0",
"MRP_LANG","ja","所要量計算アラームリスト(MRP(所要量計算)AC0010B010.exeDB出力言語設定) ja:日本語,en:英語","Material Requirements Planning alarm list (MRP (Material Requirements Planning) AC0010B010.exeDB output language setting)  ja: Japanese, en: English","0",
"PROC_GRP_LT_TYP","3","作業系列のリードタイムの単位区分（1:日、3:分）","Unit type of WS lead time(1:Days, 3:Minutes)","0",
"SHIFT_SPLIT_QTY","24","シフトの分割数","Division number of shift","0",
"SHIFT_START_TIME","09:00","シフトの開始時刻","Start time of shift","0",
"LOAD_DAY_WORKTIME","480","負荷検証で使用する1日あたりの作業時間(単位:分)","Working-hours of per day which is used in load verification(Unit:minutes)","0",
"MRP_WAIT_TYP","0","所要量計算待ち区分 0：所要量計算待ちを行なわない 1：所要量計算待ちを行なう","Material Requirements Planning waiting type 0:Material Requirements Planning waiting does not implement 1:0:Material Requirements Planning waiting implements","0",
"PROCESS_MANAGE_FLG","0","工程保管場所の在庫を管理する 0:工程保管場所の在庫を行なわない 1:工程保管場所の在庫を行う","The stock of process storage place 0:The stock of process storage place does not implement 1:The stock of process storage place implements","0",
"DEFECT_MANAGE_FLG","0","不良在庫を工程管理する 0:不良在庫の工程管理するを行なわない 1:不良在庫の工程管理するを行う","Management of the defect qt. 0:Management of the defect qt. does not implement 1:Management of the defect qt. implements","0",
"TAX_CAL_BASIC_DATE_FLG","1","消費税計算基準日判断フラグ １：請求日（デフォルト値） 2:売上日","Basic date calculate flag of the Consumption tax. 1:Claim date 2:Sales date","0",
"UNSTOCK_ITEM_NAME","非在庫品名","非在庫品名の既定値","Unstock item name default","0",
"SHIP_INVOICE_TAXID","Null","出荷インボイス帳票のTAXID","TAXID a report item of Ship Invoic.","0",
"SELF_COMPANY_NAME","Null","自社名","Self company name.","0",
"SELF_COMPANY_ADDRESS","Null","自社住所","Self company address.","0",
"SELF_COMPANY_TEL_FAX","Null","自社電話番号、FAX番号","Self company telephone and Fax number.","0",
"SHIP_INVOICE_FOOTER","Null","出荷インボイス帳票のフッターコメント","Footer comment a report item of Ship Invoice.","0",
"INVOICE_PRINT_CNT","2","出荷インボイス帳票の印刷部数","Default count of copies in Ship Invoice printing.","0",
"MAX_REPORT_PRINT_CNT","10","帳票最大印刷部数","Max count of copies for report printing.","0",
"PAY_DATE_FLG","1","支払日チェック 0: チェックしない 1: チェックする","Check the pay_date 0:not check 1:check","0",
"STANDARD_COST_FLG","1","原価計算判断用フラグ　0:標準原価加工費を利用しない 1:標準原価加工費を利用する","Cost calculate flag 0:Do not use the standard cost processing cost 1: use the standard cost processing cost","0",
"APPR_DATE_FLAG","1","申請日チェック 0：チェックしない 1: チェックする","Check the application_date 0:not check 1:check","0",
"PJ_PAY_RATE","1000","案件予算積上の賃率(邦貨固定、単位:時間)","Labor cost rate of project budget load process(Local currency fixed,unit:time)","0",
"PJ_ROUND_TYP","0","案件予算積上のまるめ区分　0,1：四捨五入  2：切り上げ  3：切捨て","Rounding type of project budget load process 0,1：Rounding  2：Count fractions as one  3：Cut-off","0",
"WORK_REPORT_MAX_OPR_TIME","960","作業時間の上限値","","0",
"WORK_REPORT_LINE_CNT","5","人日報メンテナンス明細空き行追加数","","0",
"ROND_TYP_FLG","0","まるめ計算処理区分 0：明細計算まるめ区分/発注金額まるめ区分を優先利用 1：邦貨換算端数処理区分を優先利用","Rounding calculating indicator:0:Detail calc rounding indicator/Order amt rounding Div. 1:LC conversion fraction Proc type","0",
"BULK_FETCH_SIZE","10000","バルク処理のフェッチ件数","","0",
"BULK_INS_UPD_SIZE","10000","バルク処理の登録・更新件数","","0",
"PLAN_DATE_TIME","0900","MRP.INIの「日の開始時刻」と一致している時刻をセット。(4桁の時刻、例えば、0900)","Set the time which is same with the ""start time of day"" of MRP.INI(4 digits time, for example,0900)","0",
"DM_DEL_FLG","0","デマンド削除可否フラグ 0：行わない　1：行う","Demand delete flg 0: Disabled 1:Enabled","0",
"MAX_CSV_TAKE","10000","Csv取込最大可能件数。（実棚入力画面で利用）","The max count of csv file.(Used by Actual inventory input)","0",
"WK_IN_PROC_BY_ITEM_IF_CSV_PATH","D:\CsvBatTest\CsvTakeFolder8903\SQLWKINPROCBYITEMINTERFACE_TAKE.csv","品目別作業計画CSV取込（バッチ処理）における固定ファイル取込のフォルダ・ファイルパス","","0",
"CSV_CHARACTERSET","JA16SJIS","CSV取込（バッチ処理）におけるCSV文字コード","","0",
"OPR_RSLT_IF_CSV_PATH","D:\CsvBatTest\CsvTakeFolder8903\SQLOPRRSLTINTERFACE_TAKE.csv","作業実績CSV取込（バッチ処理）における固定ファイル取込のフォルダ・ファイルパス","","0",
"ACPT_RSLT_IF_CSV_PATH","D:\CsvBatTest\CsvTakeFolder8903\SQLACPTRSLTINTERFACE_TAKE.csv","受入実績CSV取込（バッチ処理）における固定ファイル取込のフォルダ・ファイルパス","","0",
"PUCH_ODR_IF_CSV_PATH","D:\CsvBatTest\CsvTakeFolder8903\SQLPUCHODRINTERFACE_TAKE.csv","発注計画CSV取込（バッチ処理）における固定ファイル取込のフォルダ・ファイルパス","","0",
"MAN_ISSUE_INST_IF_CSV_PATH","D:\CsvBatTest\CsvTakeFolder8903\SQLMANISSUEINSTINTERFACE_TAKE.csv","マニュアル出庫実績CSV取込（バッチ処理）における固定ファイル取込のフォルダ・ファイルパス","","0",
"BTN_PRINT_MASK","0","帳票出力マスクフラグ","","0",
"OUTPUT_RSLT_IF_CSV_PATH","D:\EXPJStudio\log\SQLOUTPUTRSLTINTERFACE.csv","出来高実績CSV取込（バッチ処理）における固定ファイル取込のフォルダ・ファイルパス","The actual amount CSV take（batch processing） fixed file folder file path","0",
"SOURCE_CANCEL","D:\CsvBatTest\CsvCancelFolder8903","手配先情報データ取込処理、取消用ファイル出力先フォルダ名","","0",
"PLANT_ITEM_CANCEL","D:\CsvBatTest\CsvCancelFolder8903","工場別品目データ取込処理、取消用ファイル出力先フォルダ名","","0",
"PLANT_PS_CANCEL","D:\CsvBatTest\CsvCancelFolder8903","マルチ構成データ取込処理、取消用ファイル出力先フォルダ名","","0",
"SALES_UNIT_COST_CANCEL","D:\CsvBatTest\CsvCancelFolder8903","販売単価データ取込処理、取消用ファイル出力先フォルダ名","","0",
"USER_MST_CANCEL","D:\CsvBatTest\CsvCancelFolder8903","利用者データ取込処理、取消用ファイル出力先フォルダ名","","0",
"WORK_SERIES_CANCEL","D:\CsvBatTest\CsvCancelFolder8903","作業系列データ取込処理、取消用ファイル出力先フォルダ名","","0",
"CONS_UNIT_CANCEL","D:\CsvBatTest\CsvCancelFolder8903","支給単価データ取込処理、取消用ファイル出力先フォルダ名","","0",
"JSCM_VEND_CTRL_CANCEL","D:\CsvBatTest\CsvCancelFolder8903","取引先データ取込処理、取消用ファイル出力先フォルダ名","","0",
"PUCH_UNIT_COST_CANCEL","D:\CsvBatTest\CsvCancelFolder8903","購入単価データ取込処理、取消用ファイル出力先フォルダ名","","0",
"SBCNT_UNIT_COST_CANCEL","D:\CsvBatTest\CsvCancelFolder8903","外注単価データ取込処理、取消用ファイル出力先フォルダ名","","0",
"CUST_CANCEL","D:\CsvBatTest\CsvCancelFolder8903","得意先データ取込処理、取消用ファイル出力先フォルダ名","","0",
"JSCM_ORG_CANCEL","D:\CsvBatTest\CsvCancelFolder8903","<JSCM>部門データ取込処理、取消用ファイル出力先フォルダ名","","0",
"J_VEND_CTRL_CANCEL","D:\CsvBatTest\CsvCancelFolder8903","取引先データ取込処理、取消用ファイル出力先フォルダ名","","0",
"JA_ORG_CANCEL","D:\CsvBatTest\CsvCancelFolder8903","<JA>部門データ取込処理、取消用ファイル出力先フォルダ名","","0",
"J_USER_MST_CANCEL","D:\CsvBatTest\CsvCancelFolder8903","<J>利用者データ取込処理、取消用ファイル出力先フォルダ名","","0",
"JA_CUST_CANCEL","D:\CsvBatTest\CsvCancelFolder8903","<JA>得意先データ取込処理、取消用ファイル出力先フォルダ名","","0",
"DM_CREATE_BASE_TBL","1","受注デマンド作成基テーブルフラグ(Ja、SCM共通) 1：統合受注　2：統合受注ワーク","","0",
"PAST_DATE_FLAG","true","デポ出荷便設定にて、過去データを削除するために、出荷予定日入力値より業務運用日より過去日でも読込可能とするフラグ。過去データ読込後は0更新のみ可能。","Old data can be deleted by the ""Depo ship mail set"" , so there's a flag to check if Shipment sched date is older than the system business date. If Shipment sched date is older,we can only update the Shipping Qt. with ""0"".","0",
